mininum_confi,rulenumber
0.1,109
0.11,99
0.12,84
0.13,77
0.14,69
0.15000000000000002,53
0.16000000000000003,38
0.17000000000000004,24
0.18000000000000005,16
0.19000000000000006,13
